date_time,Open,High,Low,Close,Volume,Turnover,NumTrades
2021-01-04,13.8,14.27,13.66,13.91,229363.31,32.0355019,31614.0
2021-01-05,14.1,14.26,13.6,13.79,149611.0,20.6985528,24928.0
2021-01-06,13.73,13.85,12.9,13.03,158739.38,20.9339998,24742.0
2021-01-07,13.11,13.11,11.81,11.97,205230.2,25.1890926,31154.0
2021-01-08,11.7,11.95,11.18,11.35,174760.64,20.1334764,31481.0
2021-01-11,11.42,11.54,10.82,10.82,130336.74,14.4624541,22499.0
2021-01-12,10.87,10.98,10.58,10.71,93742.04,10.0894008,14641.0
2021-01-13,10.69,10.85,10.13,10.22,113471.91,11.7807973,14435.0
2021-01-14,10.24,10.53,10.06,10.28,78723.31,8.1049252,10817.0
2021-01-15,10.28,10.77,10.22,10.56,75177.92,7.9271845,8212.0
2021-01-18,10.44,10.97,10.44,10.73,70325.3,7.5790768,7012.0
2021-01-19,10.72,10.76,10.52,10.58,54296.22,5.7696698,5398.0
2021-01-20,10.58,10.85,10.52,10.84,67202.8,7.2077917,6084.0
2021-01-21,10.79,13.01,10.65,13.01,331603.41,40.7788573,19696.0
2021-01-22,13.02,14.29,12.6,12.83,455398.9,60.9755368,36887.0
2021-01-25,12.48,13.34,12.02,12.13,283614.17,35.6355496,32287.0
2021-01-26,11.91,12.39,11.56,11.56,193732.69,23.0602263,29431.0
2021-01-27,11.61,12.1,11.51,11.56,126815.0,14.8185207,20719.0
2021-01-28,11.3,11.74,10.94,11.02,163817.8,18.3567885,22517.0
2021-01-29,10.96,11.05,10.38,10.58,132823.2,14.1400725,21200.0
2021-02-01,9.9,10.45,9.81,10.29,121853.6,12.4105181,18271.0
2021-02-02,10.4,10.91,10.07,10.78,135346.37,14.220081799999999,21765.0
2021-02-03,10.6,11.13,10.43,10.5,112352.24,12.0734718,17666.0
2021-02-04,10.35,10.42,10.0,10.07,97599.0,9.9218959,14934.0
2021-02-05,10.07,10.29,9.65,9.66,71090.6,7.0533179,12067.0
2021-02-08,9.7,9.7,9.33,9.33,64210.42,6.076216,11043.0
2021-02-09,9.38,9.68,9.21,9.52,60991.6,5.7962432,10338.0
2021-02-10,9.53,9.9,9.5,9.56,54468.2,5.2534293,9275.0
2021-02-18,9.83,10.26,9.83,10.09,64769.42,6.524371,9516.0
2021-02-19,10.15,10.36,10.01,10.35,49484.2,5.0614026,6310.0
2021-02-22,10.35,11.08,10.35,10.68,103440.8,11.1647236,13832.0
2021-02-23,10.62,10.72,10.22,10.26,96240.0,9.9807151,12742.0
2021-02-24,10.31,10.75,10.15,10.34,76034.0,7.9394253,10746.0
2021-02-25,10.4,10.46,10.0,10.03,67370.8,6.8215651,9878.0
2021-02-26,9.98,10.25,9.91,10.08,51170.87,5.1522744,9242.0
2021-03-01,10.08,10.63,10.08,10.53,88242.2,9.1863067,9615.0
2021-03-02,10.64,10.66,10.28,10.36,75019.59,7.8060593,11954.0
2021-03-03,10.33,10.78,10.27,10.69,97711.56,10.2834171,10196.0
2021-03-04,10.56,11.03,10.46,10.65,122770.83,13.2128857,13614.0
2021-03-05,10.49,10.75,10.36,10.57,83258.87,8.7923052,11327.0
2021-03-08,10.67,10.85,10.3,10.3,68463.45,7.2250799,7914.0
2021-03-09,10.28,10.37,9.8,9.99,74751.19,7.5471176,7885.0
2021-03-10,10.11,10.14,9.73,9.74,54422.6,5.3680415,7571.0
2021-03-11,9.74,10.02,9.7,9.99,46499.2,4.5951418,5850.0
2021-03-12,10.01,10.09,9.85,9.97,35015.4,3.484987,4339.0
2021-03-15,9.98,10.09,9.81,9.88,39587.4,3.9371485,4979.0
2021-03-16,9.87,10.02,9.85,9.93,36487.6,3.6191593,4689.0
2021-03-17,9.94,10.1,9.83,10.03,46007.59,4.5897377,4925.0
2021-03-18,10.0,10.04,9.75,9.75,50240.36,4.9667239,5303.0
2021-03-19,9.68,9.95,9.61,9.77,38112.49,3.7356608,4089.0
2021-03-22,9.8,9.83,9.68,9.81,36332.92,3.5519966,4128.0
2021-03-23,9.8,9.82,9.44,9.5,52556.0,5.0426299,5597.0
2021-03-24,9.49,9.55,9.3,9.33,42274.2,3.9745584,4698.0
2021-03-25,9.32,9.53,9.24,9.38,32144.8,3.0253146,3362.0
2021-03-26,9.41,9.57,9.36,9.52,28176.2,2.666803,3132.0
2021-03-29,9.54,9.54,9.34,9.37,27263.8,2.5689119,3095.0
2021-03-30,9.37,9.42,9.1,9.3,46893.25,4.3283319,4015.0
2021-03-31,9.25,9.33,9.18,9.3,19861.6,1.8400106,1841.0
2021-04-01,9.4,9.66,9.4,9.48,37958.65,3.6109999999999998,3428.0
2021-04-02,9.48,9.5,9.39,9.43,24442.2,2.3071731,1820.0
2021-04-06,9.48,9.74,9.41,9.63,41544.2,3.9986155,3456.0
2021-04-07,9.6,9.71,9.53,9.68,34936.79,3.3705276,2954.0
2021-04-08,9.74,9.79,9.52,9.53,39229.8,3.78939,3229.0
2021-04-09,9.5,9.92,9.44,9.75,60658.6,5.9125052,5033.0
2021-04-12,9.76,9.76,9.38,9.45,40542.97,3.870044,4013.0
2021-04-13,9.45,9.45,9.21,9.31,24507.64,2.2853703,2094.0
2021-04-14,9.35,9.43,9.31,9.41,21031.8,1.9722438,2256.0
2021-04-15,9.38,9.4,9.24,9.31,23732.9,2.2052576,2121.0
2021-04-16,9.31,9.58,9.26,9.55,34438.0,3.2615831,3101.0
2021-04-19,9.6,9.87,9.57,9.81,48749.59,4.7571956,5146.0
2021-04-20,9.75,9.88,9.66,9.68,36561.44,3.5707924,4204.0
2021-04-21,9.65,9.73,9.52,9.62,23921.0,2.3046138,3104.0
2021-04-22,9.62,9.76,9.61,9.68,26121.2,2.5313385,2815.0
2021-04-23,9.68,9.72,9.54,9.64,26648.62,2.5660315,3050.0
2021-04-26,9.63,9.82,9.54,9.65,31904.8,3.0967946,2808.0
2021-04-27,9.45,9.52,8.8,9.07,65472.11,5.987483,6467.0
2021-04-28,9.03,9.11,8.88,9.01,39074.8,3.5040906,3858.0
2021-04-29,9.01,9.66,9.0,9.25,54102.2,5.0575537,5623.0
2021-04-30,9.25,9.38,9.05,9.09,27983.0,2.5673947,3237.0
2021-05-06,9.0,9.19,8.96,9.06,29733.2,2.6865094,3183.0
2021-05-07,9.04,9.34,8.97,9.17,48101.02,4.4046579,4292.0
2021-05-10,9.17,9.78,9.15,9.64,75840.8,7.1859675,7485.0
2021-05-11,9.56,9.73,9.4,9.45,51199.02,4.8744182,4726.0
2021-05-12,9.39,9.6,9.32,9.49,37808.8,3.5818241,3117.0
2021-05-13,9.4,9.55,9.27,9.29,36992.2,3.475585,3144.0
2021-05-14,9.41,9.5,9.35,9.44,32785.4,3.0880889,2701.0
2021-05-17,9.5,9.5,9.2,9.24,40350.0,3.7571159,4666.0
2021-05-18,9.16,9.37,9.16,9.33,25299.0,2.3482123,3433.0
2021-05-19,9.39,11.0,9.31,10.46,228986.44,23.7477794,17690.0
2021-05-20,10.39,11.04,10.39,10.68,213663.01,22.8541141,16925.0
2021-05-21,11.0,11.28,10.85,11.04,197525.92,21.8835708,19459.0
2021-05-24,11.16,11.43,10.86,10.89,153774.4,17.0712473,18971.0
2021-05-25,11.0,11.24,10.88,10.95,118046.94,13.034226,17308.0
2021-05-26,10.84,10.94,10.61,10.68,110142.99,11.8462845,16080.0
2021-05-27,10.75,11.28,10.52,11.05,127336.03,13.8493536,15729.0
2021-05-28,11.12,12.85,11.05,12.62,293425.2,34.8268234,29835.0
2021-05-31,13.59,15.14,13.59,15.14,269228.02999999997,39.4181515,16507.0
2021-06-01,16.0,16.0,14.51,14.87,472674.04,71.636419,53323.0
2021-06-02,14.95,16.3,14.9,15.15,386842.22,59.5793449,42385.0
2021-06-03,15.23,17.59,15.23,16.2,422978.84,69.9094278,48186.0
2021-06-04,16.25,17.55,16.0,16.09,397958.92,66.740303,43428.0
2021-06-07,16.14,16.67,15.64,15.88,349737.2,55.9400861,43508.0
2021-06-08,16.31,18.53,16.1,17.26,404911.92,69.6940455,54979.0
2021-06-09,16.68,17.07,16.46,16.95,249268.0,41.6932544,34021.0
2021-06-10,16.79,17.38,16.2,16.7,300562.28,50.188394,36182.0
2021-06-11,16.44,16.56,15.54,15.93,257904.41,41.5769317,31701.0
2021-06-15,15.75,15.75,14.9,15.33,253538.72,38.8104132,36990.0
2021-06-16,15.1,15.24,14.2,14.23,227180.52,33.1022592,36268.0
2021-06-17,14.42,15.66,14.42,15.38,236668.66,35.8007702,35132.0
2021-06-18,16.0,16.13,15.1,15.48,183395.2,28.4638865,31740.0
2021-06-21,15.52,16.35,15.3,15.61,192993.8,30.5943586,34332.0
2021-06-22,15.47,15.51,14.89,15.15,161882.64,24.4922538,29337.0
2021-06-23,15.2,15.71,14.76,15.63,197550.82,30.3054703,30538.0
2021-06-24,15.19,15.32,14.66,14.71,156009.89,23.2417572,24755.0
2021-06-25,14.91,15.11,14.4,14.44,115152.0,16.8965502,20026.0
2021-06-28,14.69,15.2,14.64,14.79,108398.32,16.1328817,18225.0
2021-06-29,14.99,15.7,14.63,14.72,175718.91,26.57216,25565.0
2021-06-30,14.59,15.75,14.36,15.28,207250.61,31.3175834,25461.0
2021-07-01,15.56,15.86,14.72,15.28,184554.02,28.2088932,21544.0
2021-07-02,15.01,16.06,14.81,15.51,229322.6,35.7879696,27983.0
2021-07-05,15.51,17.15,15.51,16.8,295525.4,48.7053852,31663.0
2021-07-06,16.46,16.51,15.25,15.67,270799.42,42.7777665,30045.0
2021-07-07,15.22,16.65,14.96,16.22,236085.24,37.6050766,27126.0
2021-07-08,16.9,19.46,16.9,19.46,205405.89,38.1917724,14206.0
2021-07-09,20.35,21.19,18.3,20.09,527418.74,103.8515474,63685.0
2021-07-12,19.99,20.28,18.8,19.06,396609.96,76.7945711,52351.0
2021-07-13,18.76,18.76,17.74,18.3,313646.95,57.0328083,36824.0
2021-07-14,18.27,18.27,16.92,17.05,265017.39,46.0262679,28781.0
2021-07-15,16.55,17.78,16.55,17.36,236272.51,40.7047254,24734.0
2021-07-16,17.06,17.44,16.54,16.54,185472.49,31.4287282,20338.0
2021-07-19,16.7,16.98,16.45,16.88,133432.38,22.356425,13666.0
2021-07-20,16.8,18.05,16.56,17.8,223460.2,39.1730495,23498.0
2021-07-21,17.96,18.94,17.87,18.02,260537.62,47.7357491,28807.0
2021-07-22,17.87,18.85,17.63,18.53,253746.34,46.4633136,31457.0
2021-07-23,18.24,19.42,18.16,19.16,260645.35,49.4237212,32385.0
2021-07-26,18.99,19.0,17.3,17.95,228249.38,41.5519054,26948.0
2021-07-27,18.51,18.84,16.97,16.98,183541.18,33.1135853,21193.0
2021-07-28,16.37,16.78,15.3,15.96,164086.0,26.2835017,21954.0
2021-07-29,16.3,17.92,16.25,17.65,192928.35,33.1727473,33205.0
2021-07-30,18.0,18.45,17.58,18.17,177177.11,31.957682,30058.0
2021-08-02,18.57,19.07,17.71,18.02,171859.0,31.549463499999998,27202.0
2021-08-03,17.94,18.23,16.6,16.67,179120.88,30.7310898,29128.0
2021-08-04,17.18,20.0,16.9,20.0,214706.8,41.099137999999996,17375.0
2021-08-05,21.0,21.41,19.28,19.88,421970.14,84.7446619,58618.0
2021-08-06,20.58,23.66,19.3,22.97,488970.12,104.0990575,71550.0
2021-08-09,22.4,25.24,21.3,23.67,462079.14,107.7002398,66007.0
2021-08-10,24.08,24.9,22.38,22.95,398492.36,94.3818248,63831.0
2021-08-11,22.92,23.15,21.95,22.51,253958.39,57.3279354,43062.0
2021-08-12,22.73,24.2,21.46,23.54,314598.84,71.72844189999999,50083.0
2021-08-13,24.58,27.43,24.33,24.34,416810.96,106.2886863,55793.0
2021-08-16,23.45,25.47,22.57,22.66,331954.24,78.7298085,46915.0
2021-08-17,22.99,23.39,21.66,21.66,251987.48,56.6731951,41653.0
2021-08-18,21.41,22.28,21.21,21.7,160113.97,34.8057517,33104.0
2021-08-19,21.71,23.24,21.2,22.34,195889.8,43.7655119,34938.0
2021-08-20,22.66,22.71,21.68,21.82,144501.0,31.9660964,25365.0
2021-08-23,22.06,22.28,21.6,22.01,150007.63,32.907934,23376.0
2021-08-24,21.99,23.44,21.83,22.37,185246.04,41.9996006,31274.0
2021-08-25,22.0,22.41,21.51,22.0,133563.79,29.238487,22564.0
2021-08-26,22.05,24.62,21.61,23.78,243152.74,56.2839368,37368.0
2021-08-27,22.0,22.96,20.76,22.27,282768.36,61.3070545,37901.0
2021-08-30,21.91,23.5,21.91,22.79,222931.2,50.8245159,28952.0
2021-08-31,22.41,24.28,22.0,23.98,298843.78,70.4129678,36588.0
2021-09-01,24.39,24.63,21.5,21.55,260927.3,59.9145364,35628.0
2021-09-02,20.88,22.01,20.52,21.35,157114.99,33.3944409,19617.0
2021-09-03,21.3,22.1,19.77,20.18,174590.02,36.2119138,21797.0
2021-09-06,19.9,20.41,19.27,20.26,118625.2,23.6034275,17619.0
2021-09-07,20.13,21.37,19.9,21.23,126815.58,26.4296499,20916.0
2021-09-08,21.2,21.89,20.93,21.39,116306.46,24.9223777,20536.0
2021-09-09,20.94,21.49,20.39,20.53,112089.42,23.3023031,20269.0
2021-09-10,20.57,20.72,20.03,20.36,91325.2,18.5858171,18096.0
2021-09-13,20.33,20.71,19.85,20.46,95732.6,19.4232286,20525.0
2021-09-14,20.78,22.17,20.55,21.75,197949.53,42.5483967,30887.0
2021-09-15,21.62,22.88,21.46,22.25,151689.79,33.7929327,25855.0
2021-09-16,22.01,22.11,20.09,20.22,167365.09,35.1404068,28584.0
2021-09-17,20.25,21.21,19.7,20.4,115694.42,23.7874088,27885.0
2021-09-22,20.05,20.89,19.86,19.88,92517.7,18.7382404,21317.0
2021-09-23,19.91,20.33,19.0,19.07,121473.92,23.667907500000002,26388.0
2021-09-24,18.49,18.85,17.79,17.8,132519.2,24.2013737,27739.0
2021-09-27,17.8,18.04,16.4,16.76,119275.78,20.3009046,28535.0
2021-09-28,16.79,17.11,16.42,16.62,72609.0,12.1374084,23600.0
2021-09-29,16.77,16.92,16.0,16.0,68483.4,11.2487931,16561.0
2021-09-30,16.21,17.28,16.15,17.25,88155.58,14.8686241,21216.0
2021-10-08,17.51,17.94,17.19,17.34,67505.4,11.7808725,17297.0
2021-10-11,17.48,17.48,16.85,17.01,48373.0,8.2613084,15928.0
2021-10-12,17.02,17.1,16.15,16.5,62439.2,10.3293262,17825.0
2021-10-13,16.89,16.89,16.36,16.77,51172.2,8.4974119,16323.0
2021-10-14,16.78,17.39,16.76,17.1,60308.4,10.2713665,15535.0
2021-10-15,17.11,17.3,16.62,16.78,65188.0,11.0454416,15662.0
2021-10-18,16.83,17.2,16.7,17.2,52098.8,8.8706943,16223.0
2021-10-19,17.05,18.07,17.05,17.89,104332.0,18.3714408,23012.0
2021-10-20,17.69,18.55,17.58,18.26,96844.3,17.546979,18742.0
2021-10-21,18.6,18.6,17.65,17.76,82795.6,14.7879094,17820.0
2021-10-22,17.7,17.86,17.16,17.27,64944.0,11.3525202,15817.0
2021-10-25,17.2,18.13,17.17,18.0,75157.6,13.351469,15133.0
2021-10-26,18.01,18.61,18.01,18.14,83401.2,15.2408022,16205.0
2021-10-27,18.14,18.24,17.61,17.82,59388.78,10.6126538,13564.0
2021-10-28,18.13,18.34,17.09,17.22,81894.8,14.4504845,17543.0
2021-10-29,17.1,17.94,17.1,17.84,72712.0,12.853553,16107.0
2021-11-01,17.84,19.11,17.84,18.88,124356.18000000001,23.2639789,22686.0
2021-11-02,18.69,19.1,18.02,18.18,94116.16,17.3641262,20957.0
2021-11-03,18.01,18.95,18.01,18.85,113039.14,21.1530963,21465.0
2021-11-04,18.83,19.28,18.67,18.91,105110.8,19.9506919,18132.0
2021-11-05,18.79,19.32,18.44,18.72,86430.6,16.3166664,16825.0
2021-11-08,19.03,19.63,18.82,19.38,109961.25,21.2252224,25353.0
2021-11-09,19.2,19.48,18.96,19.21,85062.05,16.3004358,17149.0
2021-11-10,19.19,19.19,18.4,18.78,80884.6,15.1457608,20694.0
2021-11-11,18.91,19.13,18.45,18.6,74263.2,13.8741814,18892.0
2021-11-12,18.8,19.21,18.58,19.21,90602.64,17.2224631,19847.0
2021-11-15,19.31,20.0,19.02,19.27,113792.59,22.1803116,22213.0
2021-11-16,18.89,19.14,18.13,18.19,99740.57,18.5362094,20725.0
2021-11-17,18.18,21.83,18.1,21.83,307556.57,64.2919505,32055.0
2021-11-18,21.79,22.56,21.4,22.18,408141.25,89.6905209,60976.0
2021-11-19,21.29,21.88,21.12,21.54,200196.75,43.0339439,43436.0
2021-11-22,21.7,23.1,21.3,22.72,293437.03,65.4748706,52775.0
2021-11-23,22.81,23.92,22.02,22.36,258892.17,58.9545469,44534.0
2021-11-24,21.94,22.8,21.68,22.13,132311.2,29.4263428,25058.0
2021-11-25,21.96,23.02,21.33,22.18,183507.2,40.7891945,36952.0
2021-11-26,21.72,24.41,21.72,23.38,329822.28,76.9372339,50096.0
2021-11-29,22.9,25.39,22.3,24.76,319374.29,75.93572,47040.0
2021-11-30,24.57,24.57,23.52,23.65,217937.8,52.055791,35779.0
2021-12-01,23.72,24.13,23.33,23.58,159550.36,37.8380885,28034.0
2021-12-02,23.47,23.7,22.69,22.81,150152.16,34.6282362,31350.0
2021-12-03,22.5,22.99,22.28,22.83,108100.0,24.5695347,25615.0
2021-12-06,22.8,22.8,21.81,21.9,115383.6,25.6229764,28472.0
2021-12-07,22.0,22.18,20.27,20.66,134366.06,28.0988192,32293.0
2021-12-08,20.87,21.93,20.73,21.49,104989.6,22.4130399,23938.0
2021-12-09,21.42,21.88,21.1,21.54,88587.68,19.0496463,23005.0
2021-12-10,21.39,22.19,21.25,21.74,103038.82,22.519334,26552.0
2021-12-13,21.88,21.89,21.26,21.4,67764.06,14.5544442,16123.0
2021-12-14,21.31,21.47,21.05,21.13,61945.22,13.1274954,15221.0
2021-12-15,21.34,22.18,21.2,21.53,115789.0,25.2074509,24971.0
2021-12-16,21.33,21.92,20.78,21.24,102268.57,21.5915234,20453.0
2021-12-17,21.2,21.35,20.58,20.86,66825.21,13.9230502,15987.0
2021-12-20,21.15,22.5,20.74,21.34,137770.77,29.9103564,29465.0
2021-12-21,20.76,21.8,20.61,20.93,88186.4,18.5224894,18776.0
2021-12-22,20.9,21.15,20.47,20.49,68384.92,14.1846038,14951.0
2021-12-23,20.69,20.84,20.1,20.4,66628.04,13.597221900000001,16382.0
2021-12-24,20.4,20.6,18.98,19.04,119048.1,23.1087562,25380.0
2021-12-27,19.0,19.53,18.75,19.3,58520.78,11.2220567,18844.0
2021-12-28,19.27,19.79,19.12,19.67,51878.8,10.1362063,16205.0
2021-12-29,19.79,19.8,19.47,19.6,38992.6,7.6471837,11757.0
2021-12-30,19.62,20.11,19.54,19.64,48816.62,9.629294,14325.0
2021-12-31,19.62,19.9,19.35,19.41,51653.6,10.1106343,13974.0
2022-01-04,19.49,19.66,18.81,18.99,63210.6,12.0887425,18213.0
2022-01-05,19.09,19.1,18.11,18.33,72510.08,13.3251132,17954.0
2022-01-06,18.06,18.9,18.06,18.49,48868.0,9.0383025,13394.0
2022-01-07,18.47,18.58,17.71,17.71,72433.96,13.0556926,18259.0
2022-01-10,17.71,17.99,17.56,17.62,41433.6,7.3490741,14577.0
2022-01-11,17.8,17.97,17.31,17.46,46249.02,8.1247338,17563.0
2022-01-12,17.63,18.13,17.56,18.09,80673.29,14.385543,28454.0
2022-01-13,18.01,18.25,17.73,17.73,55696.6,10.0084959,17347.0
2022-01-14,17.7,17.93,17.36,17.44,46521.32,8.2055351,14218.0
2022-01-17,17.44,17.85,17.28,17.83,45099.2,7.9566901,13135.0
2022-01-18,17.88,17.89,17.33,17.4,49213.8,8.6499883,14825.0
2022-01-19,17.4,18.15,17.33,17.98,78948.8,13.9925421,20783.0
2022-01-20,17.8,17.87,16.8,16.82,85974.4,14.7474223,21139.0
2022-01-21,16.82,17.06,16.65,16.79,37600.89,6.3352784,9878.0
2022-01-24,16.93,17.19,16.58,17.04,45947.0,7.762787,10233.0
2022-01-25,16.91,17.14,16.17,16.17,47003.0,7.8142012,10788.0
2022-01-26,16.3,16.72,16.21,16.55,42999.89,7.1092844,12020.0
2022-01-27,16.5,16.86,16.07,16.08,47007.2,7.7611818,11797.0
2022-01-28,16.3,16.78,15.99,16.56,42661.63,7.0284776,12345.0
2022-02-07,16.76,17.0,16.62,16.71,43622.83,7.3120991,8885.0
2022-02-08,16.62,16.72,16.3,16.71,35615.6,5.8815748,10735.0
2022-02-09,16.72,17.03,16.58,16.96,44313.6,7.4749246,9513.0
2022-02-10,16.97,17.07,16.43,16.69,37923.4,6.3272018,8703.0
2022-02-11,16.41,16.73,16.21,16.25,36614.0,6.0155803,10599.0
2022-02-14,16.2,16.75,16.01,16.53,34626.57,5.7148969,9232.0
2022-02-15,16.53,16.83,16.33,16.73,38705.82,6.4364285,11190.0
2022-02-16,16.73,17.78,16.66,17.25,78974.6,13.6537822,15186.0
2022-02-17,17.45,18.26,17.3,17.97,106447.8,19.0517168,21991.0
2022-02-18,17.61,17.89,17.47,17.55,54234.8,9.5450963,13056.0
2022-02-21,17.55,17.72,17.38,17.65,41857.12,7.3422882,10619.0
2022-02-22,17.49,17.91,17.42,17.73,49722.4,8.8114857,11527.0
2022-02-23,17.73,18.2,17.53,18.2,66617.0,11.9772562,12637.0
2022-02-24,18.0,18.5,17.24,17.58,91665.56,16.4056842,22548.0
2022-02-25,17.83,18.19,17.66,17.97,55063.0,9.8701646,14480.0
2022-02-28,17.82,17.91,17.48,17.67,50136.8,8.8551406,13000.0
2022-03-01,17.78,17.85,17.46,17.67,42218.0,7.4572871,13338.0
2022-03-02,17.48,17.62,17.28,17.54,34073.0,5.937448,10926.0
2022-03-03,17.63,17.77,16.86,16.9,52036.4,8.9177219,13799.0
2022-03-04,16.23,16.77,15.53,15.66,107538.4,17.3304466,24766.0
2022-03-07,15.69,15.76,15.2,15.28,55083.34,8.4824623,16089.0
2022-03-08,15.28,15.5,14.44,14.73,67989.2,10.0774645,17745.0
2022-03-09,14.77,14.79,13.67,14.28,64518.57,9.172176499999999,17754.0
2022-03-10,14.73,14.8,14.49,14.53,41846.6,6.122229,10970.0
2022-03-11,14.4,14.6,13.95,14.55,48097.0,6.8699615,13923.0
2022-03-14,14.54,14.54,13.98,13.98,48938.6,6.9484249,16343.0
2022-03-15,13.84,14.17,13.19,13.22,58993.0,8.1380413,22327.0
2022-03-16,13.44,14.08,13.22,13.97,76160.62,10.433022,25231.0
2022-03-17,14.1,14.76,14.1,14.42,70522.22,10.2155947,19143.0
2022-03-18,14.34,14.68,14.25,14.52,47142.6,6.8078342,12254.0
2022-03-21,14.45,14.92,14.42,14.84,41851.6,6.1772198000000005,9394.0
2022-03-22,14.84,14.84,14.51,14.66,36295.0,5.3269262,10702.0
2022-03-23,15.04,15.22,14.69,14.75,51726.8,7.725612,13839.0
2022-03-24,14.59,14.89,14.38,14.56,40464.0,5.9048605,10676.0
2022-03-25,14.45,15.04,14.4,14.45,38888.4,5.6991809,9060.0
2022-03-28,14.51,14.51,14.02,14.21,39872.69,5.6699273,10811.0
2022-03-29,14.46,14.46,13.88,13.99,33011.2,4.6369698,10411.0
2022-03-30,14.11,14.75,14.06,14.47,49462.0,7.1375501,12101.0
2022-03-31,14.37,14.54,13.91,13.92,45914.01,6.5023497,11769.0
2022-04-01,13.91,13.93,13.68,13.73,29004.8,4.00334,9270.0
2022-04-06,13.79,13.96,13.57,13.72,34309.8,4.7190514,12654.0
2022-04-07,13.8,13.8,13.23,13.24,37278.0,4.9844325,10168.0
2022-04-08,13.24,13.28,12.85,13.14,29428.0,3.8502704,7946.0
2022-04-11,13.03,13.1,12.24,12.39,47712.22,5.9944396,13092.0
2022-04-12,12.26,12.59,12.2,12.58,35154.2,4.3607343,9930.0
2022-04-13,12.54,12.54,12.16,12.45,18797.4,2.3129087999999998,5621.0
2022-04-14,12.38,12.4,12.15,12.21,26103.0,3.1983707,8890.0
2022-04-15,12.2,12.2,11.74,12.02,38764.02,4.625973,11452.0
2022-04-18,12.02,12.15,11.7,12.14,27020.2,3.2396614,7646.0
2022-04-19,12.18,12.46,12.02,12.16,28808.68,3.5385599,8489.0
2022-04-20,12.34,12.48,11.94,12.04,36231.8,4.43648,9994.0
2022-04-21,12.05,12.13,11.27,11.36,37983.0,4.4215998,10465.0
2022-04-22,11.33,11.39,10.99,11.06,36190.0,4.0351254,10770.0
2022-04-25,10.8,10.82,9.73,9.75,69442.59,7.1420128,18090.0
2022-04-26,9.93,10.51,9.9,9.98,80034.97,8.1402386,19733.0
2022-04-27,9.68,10.55,9.5,10.53,82350.46,8.2545541,20674.0
2022-04-28,10.93,11.41,10.46,10.54,118792.92,12.9098135,24220.0
2022-04-29,10.89,11.33,10.8,11.21,108786.3,12.0621125,25544.0
2022-05-05,11.12,12.1,11.09,11.84,102460.85,12.0389294,20779.0
2022-05-06,11.52,11.91,11.34,11.75,76865.98,8.9426273,16865.0
2022-05-09,11.65,12.41,11.65,12.19,67172.36,8.172616,16210.0
2022-05-10,12.0,12.41,11.9,12.23,61991.67,7.5795275,12627.0
2022-05-11,12.1,12.9,12.1,12.37,86765.19,10.9127183,15020.0
2022-05-12,12.44,12.71,12.3,12.55,59357.6,7.4419134,12860.0
2022-05-13,12.69,12.74,12.31,12.4,49825.6,6.2054159,11020.0
2022-05-16,12.68,12.77,12.27,12.37,39748.0,4.9682181000000005,10332.0
2022-05-17,12.37,12.65,12.21,12.6,42844.2,5.3578043,11054.0
2022-05-18,12.66,13.36,12.65,12.78,58166.0,7.5437378,12665.0
2022-05-19,12.7,13.13,12.57,13.0,50550.99,6.5171623,11058.0
2022-05-20,13.23,13.55,12.97,13.33,62493.6,8.2883311,12327.0
2022-05-23,13.34,13.64,13.3,13.56,45936.2,6.1852121,10727.0
2022-05-24,13.5,13.73,12.98,13.02,64850.6,8.6649674,14301.0
2022-05-25,12.9,13.08,12.8,12.99,42423.0,5.4955655,10714.0
2022-05-26,12.97,13.08,12.51,12.88,47031.0,6.0281577,13244.0
2022-05-27,12.97,13.24,12.68,12.83,49041.4,6.3463618,12797.0
2022-05-30,12.84,13.08,12.68,12.82,38186.4,4.9019642,12157.0
2022-05-31,12.74,12.95,12.51,12.89,42740.0,5.4623051,10662.0
2022-06-01,12.91,13.3,12.86,13.21,57198.8,7.5091446,15191.0
2022-06-02,13.18,13.72,13.08,13.62,76256.2,10.3298464,18112.0
2022-06-06,13.57,14.85,13.52,14.62,120250.8,17.3475525,23579.0
2022-06-07,14.39,14.7,13.97,14.09,82370.81,11.7159022,19249.0
2022-06-08,14.01,14.44,13.68,14.06,66906.8,9.3955938,16141.0
2022-06-09,13.95,13.95,13.32,13.42,63147.6,8.5445155,14144.0
2022-06-10,13.34,14.16,13.34,14.05,76074.0,10.5850104,15041.0
2022-06-13,14.25,14.67,14.1,14.62,89569.2,12.9497809,18810.0
2022-06-14,14.6,14.95,14.15,14.9,81169.41,11.776372199999999,16636.0
2022-06-15,14.95,15.07,14.28,14.28,89741.81,13.048519,19296.0
2022-06-16,14.31,14.65,14.12,14.19,56195.5,8.0689168,12928.0
2022-06-17,14.11,15.1,14.08,15.02,121680.0,18.0576555,20765.0
2022-06-20,15.2,15.56,14.9,14.96,97263.21,14.706476199999999,22443.0
2022-06-21,14.91,14.97,14.44,14.61,61776.73,9.0535356,13668.0
2022-06-22,14.7,14.96,14.45,14.46,70081.61,10.29933,14959.0
2022-06-23,14.48,14.93,14.24,14.85,71163.92,10.4428828,14345.0
2022-06-24,14.99,15.6,14.88,15.57,123106.62,18.8539263,19687.0
2022-06-27,15.57,15.63,15.15,15.55,98758.8,15.2202294,18733.0
2022-06-28,15.43,16.02,15.43,16.0,93501.38,14.7830688,17452.0
2022-06-29,15.97,15.97,15.28,15.38,99355.0,15.5018696,17283.0
2022-06-30,15.42,15.67,15.26,15.31,58990.8,9.1266934,12562.0
2022-07-01,15.31,15.72,15.31,15.53,59848.07,9.2988419,14620.0
2022-07-04,15.52,16.2,15.26,16.16,87751.15,13.9270839,17785.0
2022-07-05,16.11,16.93,16.11,16.53,137317.8,22.6741999,27570.0
2022-07-06,16.25,16.54,15.91,16.13,83413.11,13.5122443,17919.0
2022-07-07,16.13,16.7,16.1,16.51,79416.24,13.0837003,15824.0
2022-07-08,16.62,16.71,15.88,15.96,81836.8,13.268653,16894.0
2022-07-11,15.9,16.05,15.14,15.5,70315.6,10.8765281,18648.0
2022-07-12,16.1,16.1,15.07,15.13,77619.77,12.0294003,24796.0
2022-07-13,15.2,15.46,14.77,15.43,65325.6,9.8644803,15909.0
2022-07-14,15.3,16.5,15.23,16.22,112101.64,18.1699903,26411.0
2022-07-15,16.13,16.47,16.0,16.09,70018.38,11.3682743,17244.0
2022-07-18,16.1,16.48,16.1,16.42,68252.4,11.1299501,16950.0
2022-07-19,16.37,17.28,16.18,16.84,109862.83,18.580322,21339.0
2022-07-20,16.7,16.9,16.53,16.73,61505.78,10.2672127,15404.0
2022-07-21,16.72,17.09,16.47,16.8,64534.04,10.8279386,15115.0
2022-07-22,16.8,17.28,16.4,16.79,80041.4,13.4651371,17644.0
2022-07-25,16.87,17.06,16.3,16.35,61341.84,10.2021,15915.0
2022-07-26,16.26,17.05,15.74,16.99,89970.8,14.9176817,21030.0
2022-07-27,16.8,17.25,16.77,17.11,65024.83,11.0752843,18352.0
2022-07-28,17.17,17.39,16.81,17.22,82950.6,14.184698,19035.0
2022-07-29,17.35,17.35,16.66,16.72,62930.2,10.6113696,14592.0
2022-08-01,16.68,17.02,16.55,16.95,55304.0,9.2985553,13300.0
2022-08-02,16.69,16.69,15.49,15.77,111888.6,17.829232,23888.0
2022-08-03,15.83,16.54,15.51,15.66,84082.49,13.5304897,24669.0
2022-08-04,15.8,15.96,15.41,15.69,53028.0,8.3253029,18343.0
2022-08-05,15.76,15.95,15.41,15.7,50990.94,7.9762663,13985.0
2022-08-08,15.57,16.18,15.33,16.0,62732.0,9.921282,18399.0
2022-08-09,15.98,16.2,15.81,15.84,46560.0,7.443049,13658.0
2022-08-10,15.83,15.93,15.53,15.64,46139.34,7.2390023,14422.0
2022-08-11,15.68,15.93,15.52,15.67,42098.12,6.6018852,12000.0
2022-08-12,15.69,16.05,15.42,15.47,59408.2,9.3211294,16071.0
2022-08-15,15.46,15.78,15.32,15.58,46803.63,7.2996582,14541.0
2022-08-16,15.58,15.9,15.55,15.68,49394.76,7.7705009,10647.0
2022-08-17,15.58,15.71,15.2,15.35,50438.8,7.7595308,11335.0
2022-08-18,15.35,15.54,15.26,15.48,36637.05,5.648794,7797.0
2022-08-19,15.4,16.49,15.4,16.2,133634.87,21.5688172,24740.0
2022-08-22,16.1,16.61,15.53,16.56,124452.21,20.0265553,28918.0
2022-08-23,16.61,17.04,16.41,16.8,103851.34,17.4348006,22688.0
2022-08-24,17.05,17.86,16.8,16.87,196251.2,33.9662208,35306.0
2022-08-25,17.01,17.09,15.66,16.22,135738.83,21.9355963,27711.0
2022-08-26,16.04,17.0,15.82,16.37,95869.0,15.8754215,21411.0
2022-08-29,16.2,16.43,15.8,15.98,68165.8,10.971118,15326.0
2022-08-30,13.57,14.65,13.52,13.75,203568.66,28.7000556,31588.0
2022-08-31,13.75,13.75,12.54,12.63,138273.8,17.8810856,24142.0
2022-09-01,12.58,12.72,12.29,12.43,72949.8,9.0971045,13179.0
2022-09-02,12.31,12.62,12.24,12.38,46687.8,5.7907015,8518.0
2022-09-05,12.49,12.8,12.42,12.7,59716.0,7.5391151,10674.0
2022-09-06,12.7,13.03,12.5,12.99,61753.0,7.9027385,10058.0
2022-09-07,12.88,13.43,12.85,13.19,68320.61,9.0396121,10452.0
2022-09-08,13.23,13.31,12.87,12.91,40788.03,5.3222343,9169.0
2022-09-09,12.85,12.93,12.6,12.79,33633.49,4.2865043,7750.0
2022-09-13,12.79,12.96,12.63,12.81,33493.8,4.2773526,5926.0
2022-09-14,12.58,12.65,12.38,12.52,29625.02,3.7066964000000002,6319.0
2022-09-15,12.6,12.65,11.85,11.99,44126.72,5.3504173999999995,8138.0
2022-09-16,11.97,12.0,11.57,11.57,36547.48,4.3006963,7291.0
2022-09-19,11.61,11.9,11.55,11.67,36402.0,4.2704239,8984.0
2022-09-20,11.73,12.11,11.73,11.97,32085.6,3.8377505,8159.0
2022-09-21,11.97,12.16,11.81,12.1,27841.98,3.3426269,7645.0
2022-09-22,11.94,12.23,11.86,11.99,27463.0,3.3116926,7130.0
2022-09-23,12.02,12.06,11.51,11.71,31423.0,3.6908517,8613.0
2022-09-26,11.61,11.87,11.44,11.57,28763.19,3.3495937,9004.0
2022-09-27,11.52,11.77,11.45,11.75,24507.0,2.8485928,7104.0
2022-09-28,11.75,11.77,11.2,11.2,30464.0,3.4736143999999998,7656.0
2022-09-29,11.31,11.49,11.11,11.13,24627.78,2.775378,6775.0
2022-09-30,11.12,11.24,10.7,10.76,53012.28,5.8063189,8342.0
2022-10-10,10.9,11.22,10.69,10.78,41555.11,4.5413533,9953.0
